"","ID","TRIP_NUMBER.x","HAUL_NUMBER.x","AREA_FISHED","SET_BEGIN_DATE","SET_END_DATE","HAUL_BEGIN_DATE","HAUL_END_DATE","SET_BEGIN_LAT_CONV","SET_BEGIN_LONG_CONV","HAUL_BEGIN_LAT_CONV","HAUL_BEGIN_LONG_CONV","HAUL_END_LAT_CONV","HAUL_END_LONG_CONV","SET_DURATION","HAUL_DURATION_HOURS","GEAR_SOAK_HOURS","startDate","VESSEL_ID","TRIP_NUMBER.y","HAUL_NUMBER.y","SPECIES_NAME","NUM_FISH","SPECIES_ON_LIST"
"1","44473.1",44473,1,3674,"4/11/2010","4/11/2010","4/11/2010","4/11/2010",36.068,-74.921,36.063,74.921,36.065,74.936,0.07,0.9,3.08,2010-04-11,"926397",44473,1,"BLUEFISH",363,1
"2","44473.2",44473,2,3674,"4/11/2010","4/11/2010","4/11/2010","4/11/2010",36.05,-74.909,36.049,74.909,36.05,74.913,0.07,0.32,0.8,2010-04-11,"926397",44473,2,"BLUEFISH",64,1
"3","44473.3",44473,3,3674,"4/11/2010","4/11/2010","4/11/2010","4/11/2010",36.042,-74.942,36.044,74.941,36.044,74.945,0.03,0.18,0.48,2010-04-11,"926397",44473,3,"BLUEFISH",7,1
"4","44473.5",44473,5,3674,"4/11/2010","4/11/2010","4/11/2010","4/11/2010",36.002,-74.975,36.007,74.975,36.004,74.975,0.05,0.27,0.5,2010-04-11,"926397",44473,5,"BLUEFISH",14,1
"5","44473.5",44473,5,3674,"4/11/2010","4/11/2010","4/11/2010","4/11/2010",36.002,-74.975,36.007,74.975,36.004,74.975,0.05,0.27,0.5,2010-04-11,"926397",44473,5,"SHARK DOGFISH SMOOTH",3,0
"6","44473.5",44473,5,3674,"4/11/2010","4/11/2010","4/11/2010","4/11/2010",36.002,-74.975,36.007,74.975,36.004,74.975,0.05,0.27,0.5,2010-04-11,"926397",44473,5,"SHARK DOGFISH SPINY",6,0
"7","44528.1",44528,1,3675,"4/11/2011","4/11/2011","4/13/2011","4/13/2011",36.75,-75.933,36.765,75.947,36.763,75.947,0.08,1.15,41.4,2011-04-11,"1026197",44528,1,"BLUEFISH",2,1
"8","44528.1",44528,1,3675,"4/11/2011","4/11/2011","4/13/2011","4/13/2011",36.75,-75.933,36.765,75.947,36.763,75.947,0.08,1.15,41.4,2011-04-11,"1026197",44528,1,"CRAB ATLANTIC ROCK",1,0
"9","44528.1",44528,1,3675,"4/11/2011","4/11/2011","4/13/2011","4/13/2011",36.75,-75.933,36.765,75.947,36.763,75.947,0.08,1.15,41.4,2011-04-11,"1026197",44528,1,"CRAB JONAH",12,0
"10","44528.1",44528,1,3675,"4/11/2011","4/11/2011","4/13/2011","4/13/2011",36.75,-75.933,36.765,75.947,36.763,75.947,0.08,1.15,41.4,2011-04-11,"1026197",44528,1,"CROAKER ATLANTIC",821,1
"11","44528.1",44528,1,3675,"4/11/2011","4/11/2011","4/13/2011","4/13/2011",36.75,-75.933,36.765,75.947,36.763,75.947,0.08,1.15,41.4,2011-04-11,"1026197",44528,1,"MENHADEN ATLANTIC",348,0
"12","44528.1",44528,1,3675,"4/11/2011","4/11/2011","4/13/2011","4/13/2011",36.75,-75.933,36.765,75.947,36.763,75.947,0.08,1.15,41.4,2011-04-11,"1026197",44528,1,"SHADS",20,0
"13","44528.2",44528,2,3675,"4/11/2011","4/11/2011","4/13/2011","4/13/2011",36.75,-75.933,36.763,75.947,36.763,75.936,0.08,1.38,42.98,2011-04-11,"1026197",44528,2,"CRAB JONAH",6,0
"14","44528.2",44528,2,3675,"4/11/2011","4/11/2011","4/13/2011","4/13/2011",36.75,-75.933,36.763,75.947,36.763,75.936,0.08,1.38,42.98,2011-04-11,"1026197",44528,2,"CROAKER ATLANTIC",793,1
"15","44528.2",44528,2,3675,"4/11/2011","4/11/2011","4/13/2011","4/13/2011",36.75,-75.933,36.763,75.947,36.763,75.936,0.08,1.38,42.98,2011-04-11,"1026197",44528,2,"MENHADEN ATLANTIC",185,0
"16","44528.2",44528,2,3675,"4/11/2011","4/11/2011","4/13/2011","4/13/2011",36.75,-75.933,36.763,75.947,36.763,75.936,0.08,1.38,42.98,2011-04-11,"1026197",44528,2,"PUFFERS",2,0
"17","44528.2",44528,2,3675,"4/11/2011","4/11/2011","4/13/2011","4/13/2011",36.75,-75.933,36.763,75.947,36.763,75.936,0.08,1.38,42.98,2011-04-11,"1026197",44528,2,"SHADS",23,0
"18","44528.3",44528,3,3675,"4/11/2011","4/11/2011","4/13/2011","4/13/2011",36.8,-75.95,36.805,75.961,36.802,75.959,0.08,1.17,44.45,2011-04-11,"1026197",44528,3,"CRAB JONAH",24,0
"19","44528.3",44528,3,3675,"4/11/2011","4/11/2011","4/13/2011","4/13/2011",36.8,-75.95,36.805,75.961,36.802,75.959,0.08,1.17,44.45,2011-04-11,"1026197",44528,3,"CROAKER ATLANTIC",963,1
"20","44528.3",44528,3,3675,"4/11/2011","4/11/2011","4/13/2011","4/13/2011",36.8,-75.95,36.805,75.961,36.802,75.959,0.08,1.17,44.45,2011-04-11,"1026197",44528,3,"KINGFISH NORTHERN",1,0
"21","44528.3",44528,3,3675,"4/11/2011","4/11/2011","4/13/2011","4/13/2011",36.8,-75.95,36.805,75.961,36.802,75.959,0.08,1.17,44.45,2011-04-11,"1026197",44528,3,"MENHADEN ATLANTIC",336,0
"22","44528.3",44528,3,3675,"4/11/2011","4/11/2011","4/13/2011","4/13/2011",36.8,-75.95,36.805,75.961,36.802,75.959,0.08,1.17,44.45,2011-04-11,"1026197",44528,3,"PUFFERS",2,0
"23","44528.3",44528,3,3675,"4/11/2011","4/11/2011","4/13/2011","4/13/2011",36.8,-75.95,36.805,75.961,36.802,75.959,0.08,1.17,44.45,2011-04-11,"1026197",44528,3,"SHADS",28,0
"24","44529.1",44529,1,3675,"4/13/2011","4/13/2011","4/14/2011","4/14/2011",36.763,-75.947,36.763,75.947,36.765,75.949,0.05,0.42,21.62,2011-04-13,"1026197",44529,1,"CRAB BLUE",8,0
"25","44529.1",44529,1,3675,"4/13/2011","4/13/2011","4/14/2011","4/14/2011",36.763,-75.947,36.763,75.947,36.765,75.949,0.05,0.42,21.62,2011-04-13,"1026197",44529,1,"CRAB JONAH",9,0
"26","44529.1",44529,1,3675,"4/13/2011","4/13/2011","4/14/2011","4/14/2011",36.763,-75.947,36.763,75.947,36.765,75.949,0.05,0.42,21.62,2011-04-13,"1026197",44529,1,"CROAKER ATLANTIC",128,1
"27","44529.1",44529,1,3675,"4/13/2011","4/13/2011","4/14/2011","4/14/2011",36.763,-75.947,36.763,75.947,36.765,75.949,0.05,0.42,21.62,2011-04-13,"1026197",44529,1,"MENHADEN ATLANTIC",33,0
"28","44529.1",44529,1,3675,"4/13/2011","4/13/2011","4/14/2011","4/14/2011",36.763,-75.947,36.763,75.947,36.765,75.949,0.05,0.42,21.62,2011-04-13,"1026197",44529,1,"SEAHORSE LINED",6,0
"29","44529.1",44529,1,3675,"4/13/2011","4/13/2011","4/14/2011","4/14/2011",36.763,-75.947,36.763,75.947,36.765,75.949,0.05,0.42,21.62,2011-04-13,"1026197",44529,1,"SHADS",4,0
"30","44529.1",44529,1,3675,"4/13/2011","4/13/2011","4/14/2011","4/14/2011",36.763,-75.947,36.763,75.947,36.765,75.949,0.05,0.42,21.62,2011-04-13,"1026197",44529,1,"STURGEON ATLANTIC",1,0
"31","44529.2",44529,2,3675,"4/13/2011","4/13/2011","4/14/2011","4/14/2011",36.762,-75.937,36.762,75.936,36.761,75.947,0.03,0.53,20.6,2011-04-13,"1026197",44529,2,"CRAB BLUE",2,0
"32","44529.2",44529,2,3675,"4/13/2011","4/13/2011","4/14/2011","4/14/2011",36.762,-75.937,36.762,75.936,36.761,75.947,0.03,0.53,20.6,2011-04-13,"1026197",44529,2,"CRAB JONAH",9,0
"33","44529.2",44529,2,3675,"4/13/2011","4/13/2011","4/14/2011","4/14/2011",36.762,-75.937,36.762,75.936,36.761,75.947,0.03,0.53,20.6,2011-04-13,"1026197",44529,2,"CROAKER ATLANTIC",137,1
"34","44529.2",44529,2,3675,"4/13/2011","4/13/2011","4/14/2011","4/14/2011",36.762,-75.937,36.762,75.936,36.761,75.947,0.03,0.53,20.6,2011-04-13,"1026197",44529,2,"MENHADEN ATLANTIC",26,0
"35","44529.2",44529,2,3675,"4/13/2011","4/13/2011","4/14/2011","4/14/2011",36.762,-75.937,36.762,75.936,36.761,75.947,0.03,0.53,20.6,2011-04-13,"1026197",44529,2,"SHARK DOGFISH SMOOTH",1,0
"36","44531.1",44531,1,3675,"4/13/2011","4/13/2011","4/15/2011","4/15/2011",36.802,-75.959,36.802,75.959,36.805,75.961,0.05,0.52,43.73,2011-04-13,"1026197",44531,1,"CRAB BLUE",2,0
"37","44531.1",44531,1,3675,"4/13/2011","4/13/2011","4/15/2011","4/15/2011",36.802,-75.959,36.802,75.959,36.805,75.961,0.05,0.52,43.73,2011-04-13,"1026197",44531,1,"CRAB JONAH",14,0
"38","44531.1",44531,1,3675,"4/13/2011","4/13/2011","4/15/2011","4/15/2011",36.802,-75.959,36.802,75.959,36.805,75.961,0.05,0.52,43.73,2011-04-13,"1026197",44531,1,"CRAB SPIDER",4,0
"39","44531.1",44531,1,3675,"4/13/2011","4/13/2011","4/15/2011","4/15/2011",36.802,-75.959,36.802,75.959,36.805,75.961,0.05,0.52,43.73,2011-04-13,"1026197",44531,1,"CROAKER ATLANTIC",79,1
"40","44531.1",44531,1,3675,"4/13/2011","4/13/2011","4/15/2011","4/15/2011",36.802,-75.959,36.802,75.959,36.805,75.961,0.05,0.52,43.73,2011-04-13,"1026197",44531,1,"MENHADEN ATLANTIC",27,0
"41","44531.1",44531,1,3675,"4/13/2011","4/13/2011","4/15/2011","4/15/2011",36.802,-75.959,36.802,75.959,36.805,75.961,0.05,0.52,43.73,2011-04-13,"1026197",44531,1,"SHADS",2,0
"42","44531.2",44531,2,3675,"4/14/2011","4/14/2011","4/15/2011","4/15/2011",36.795,-75.953,36.792,75.953,36.796,75.953,0.05,0.43,25.07,2011-04-14,"1026197",44531,2,"CRAB BLUE",4,0
"43","44531.2",44531,2,3675,"4/14/2011","4/14/2011","4/15/2011","4/15/2011",36.795,-75.953,36.792,75.953,36.796,75.953,0.05,0.43,25.07,2011-04-14,"1026197",44531,2,"CRAB JONAH",11,0
"44","44531.2",44531,2,3675,"4/14/2011","4/14/2011","4/15/2011","4/15/2011",36.795,-75.953,36.792,75.953,36.796,75.953,0.05,0.43,25.07,2011-04-14,"1026197",44531,2,"CRAB SPIDER",11,0
"45","44531.2",44531,2,3675,"4/14/2011","4/14/2011","4/15/2011","4/15/2011",36.795,-75.953,36.792,75.953,36.796,75.953,0.05,0.43,25.07,2011-04-14,"1026197",44531,2,"CROAKER ATLANTIC",64,1
"46","44531.2",44531,2,3675,"4/14/2011","4/14/2011","4/15/2011","4/15/2011",36.795,-75.953,36.792,75.953,36.796,75.953,0.05,0.43,25.07,2011-04-14,"1026197",44531,2,"MENHADEN ATLANTIC",46,0
"47","44531.2",44531,2,3675,"4/14/2011","4/14/2011","4/15/2011","4/15/2011",36.795,-75.953,36.792,75.953,36.796,75.953,0.05,0.43,25.07,2011-04-14,"1026197",44531,2,"SHADS",1,0
"48","44532.1",44532,1,3775,"4/14/2011","4/14/2011","4/18/2011","4/18/2011",37.933,-75,37.941,75.007,37.94,75.017,NA,15.58,NA,2011-04-14,"909070",44532,1,"ANGLERFISH MONKFISH",7,1
"49","44532.1",44532,1,3775,"4/14/2011","4/14/2011","4/18/2011","4/18/2011",37.933,-75,37.941,75.007,37.94,75.017,NA,15.58,NA,2011-04-14,"909070",44532,1,"CRAB HORSESHOE",13,0
"50","44532.1",44532,1,3775,"4/14/2011","4/14/2011","4/18/2011","4/18/2011",37.933,-75,37.941,75.007,37.94,75.017,NA,15.58,NA,2011-04-14,"909070",44532,1,"MENHADEN ATLANTIC",9,0
"51","44532.1",44532,1,3775,"4/14/2011","4/14/2011","4/18/2011","4/18/2011",37.933,-75,37.941,75.007,37.94,75.017,NA,15.58,NA,2011-04-14,"909070",44532,1,"SKATE WINTER",309,0
"52","44532.1",44532,1,3775,"4/14/2011","4/14/2011","4/18/2011","4/18/2011",37.933,-75,37.941,75.007,37.94,75.017,NA,15.58,NA,2011-04-14,"909070",44532,1,"STURGEON ATLANTIC",1,0
"53","44533.1",44533,1,3775,"4/14/2011","4/14/2011","4/19/2011","4/19/2011",37.933,-75,37.94,75.01,37.94,75.019,NA,0.55,NA,2011-04-14,"909070",44533,1,"ANGLERFISH MONKFISH",3,1
"54","44533.1",44533,1,3775,"4/14/2011","4/14/2011","4/19/2011","4/19/2011",37.933,-75,37.94,75.01,37.94,75.019,NA,0.55,NA,2011-04-14,"909070",44533,1,"CRAB HORSESHOE",8,0
"55","44533.1",44533,1,3775,"4/14/2011","4/14/2011","4/19/2011","4/19/2011",37.933,-75,37.94,75.01,37.94,75.019,NA,0.55,NA,2011-04-14,"909070",44533,1,"CRAB SPIDER",7,0
"56","44533.1",44533,1,3775,"4/14/2011","4/14/2011","4/19/2011","4/19/2011",37.933,-75,37.94,75.01,37.94,75.019,NA,0.55,NA,2011-04-14,"909070",44533,1,"SKATE WINTER",149,0
"57","44534.1",44534,1,3775,"4/18/2011","4/18/2011","4/21/2011","4/21/2011",37.839,-75.256,37.839,75.257,37.84,75.256,0.33,0.63,74.02,2011-04-18,"909070",44534,1,"CRAB HORSESHOE",23,0
"58","44534.1",44534,1,3775,"4/18/2011","4/18/2011","4/21/2011","4/21/2011",37.839,-75.256,37.839,75.257,37.84,75.256,0.33,0.63,74.02,2011-04-18,"909070",44534,1,"CRAB SPIDER",19,0
"59","44534.1",44534,1,3775,"4/18/2011","4/18/2011","4/21/2011","4/21/2011",37.839,-75.256,37.839,75.257,37.84,75.256,0.33,0.63,74.02,2011-04-18,"909070",44534,1,"SHARK DOGFISH SMOOTH",2,0
"60","44534.1",44534,1,3775,"4/18/2011","4/18/2011","4/21/2011","4/21/2011",37.839,-75.256,37.839,75.257,37.84,75.256,0.33,0.63,74.02,2011-04-18,"909070",44534,1,"SKATE WINTER",123,0
"61","44556.1",44556,1,3775,"9/17/2011","9/17/2011","9/17/2011","9/17/2011",37.968,-75.363,37.966,75.367,37.967,75.366,0.07,0.3,2.97,2011-09-17,"VA5158BE",44556,1,"BLUEFISH",4,1
"62","44556.1",44556,1,3775,"9/17/2011","9/17/2011","9/17/2011","9/17/2011",37.968,-75.363,37.966,75.367,37.967,75.366,0.07,0.3,2.97,2011-09-17,"VA5158BE",44556,1,"BUMPER ATLANTIC",2,0
"63","44556.1",44556,1,3775,"9/17/2011","9/17/2011","9/17/2011","9/17/2011",37.968,-75.363,37.966,75.367,37.967,75.366,0.07,0.3,2.97,2011-09-17,"VA5158BE",44556,1,"CRAB BLUE",1,0
"64","44556.1",44556,1,3775,"9/17/2011","9/17/2011","9/17/2011","9/17/2011",37.968,-75.363,37.966,75.367,37.967,75.366,0.07,0.3,2.97,2011-09-17,"VA5158BE",44556,1,"SHARK DOGFISH SMOOTH",1,0
"65","44556.1",44556,1,3775,"9/17/2011","9/17/2011","9/17/2011","9/17/2011",37.968,-75.363,37.966,75.367,37.967,75.366,0.07,0.3,2.97,2011-09-17,"VA5158BE",44556,1,"SPOT",216,0
"66","44556.2",44556,2,3775,"9/17/2011","9/17/2011","9/17/2011","9/17/2011",37.96,-75.385,37.973,75.404,37.972,75.405,0.08,0.42,3.53,2011-09-17,"VA5158BE",44556,2,"BLUEFISH",10,1
"67","44556.2",44556,2,3775,"9/17/2011","9/17/2011","9/17/2011","9/17/2011",37.96,-75.385,37.973,75.404,37.972,75.405,0.08,0.42,3.53,2011-09-17,"VA5158BE",44556,2,"BUMPER ATLANTIC",1,0
"68","44556.2",44556,2,3775,"9/17/2011","9/17/2011","9/17/2011","9/17/2011",37.96,-75.385,37.973,75.404,37.972,75.405,0.08,0.42,3.53,2011-09-17,"VA5158BE",44556,2,"CRAB BLUE",6,0
"69","44556.2",44556,2,3775,"9/17/2011","9/17/2011","9/17/2011","9/17/2011",37.96,-75.385,37.973,75.404,37.972,75.405,0.08,0.42,3.53,2011-09-17,"VA5158BE",44556,2,"SHARK DOGFISH SMOOTH",4,0
"70","44556.2",44556,2,3775,"9/17/2011","9/17/2011","9/17/2011","9/17/2011",37.96,-75.385,37.973,75.404,37.972,75.405,0.08,0.42,3.53,2011-09-17,"VA5158BE",44556,2,"SPOT",189,0
"71","44556.3",44556,3,3775,"9/17/2011","9/17/2011","9/17/2011","9/17/2011",37.963,-75.389,37.96,75.393,37.961,75.391,0.05,0.23,3.7,2011-09-17,"VA5158BE",44556,3,"BUMPER ATLANTIC",1,0
"72","44556.3",44556,3,3775,"9/17/2011","9/17/2011","9/17/2011","9/17/2011",37.963,-75.389,37.96,75.393,37.961,75.391,0.05,0.23,3.7,2011-09-17,"VA5158BE",44556,3,"CRAB BLUE",8,0
"73","44556.3",44556,3,3775,"9/17/2011","9/17/2011","9/17/2011","9/17/2011",37.963,-75.389,37.96,75.393,37.961,75.391,0.05,0.23,3.7,2011-09-17,"VA5158BE",44556,3,"SPOT",39,0
"74","44556.4",44556,4,3775,"9/17/2011","9/17/2011","9/17/2011","9/17/2011",37.977,-75.401,37.957,75.389,37.955,75.39,0.08,0.4,3.93,2011-09-17,"VA5158BE",44556,4,"BLUEFISH",6,1
"75","44556.4",44556,4,3775,"9/17/2011","9/17/2011","9/17/2011","9/17/2011",37.977,-75.401,37.957,75.389,37.955,75.39,0.08,0.4,3.93,2011-09-17,"VA5158BE",44556,4,"BUMPER ATLANTIC",5,0
"76","44556.4",44556,4,3775,"9/17/2011","9/17/2011","9/17/2011","9/17/2011",37.977,-75.401,37.957,75.389,37.955,75.39,0.08,0.4,3.93,2011-09-17,"VA5158BE",44556,4,"CRAB BLUE",15,0
"77","44556.4",44556,4,3775,"9/17/2011","9/17/2011","9/17/2011","9/17/2011",37.977,-75.401,37.957,75.389,37.955,75.39,0.08,0.4,3.93,2011-09-17,"VA5158BE",44556,4,"FLOUNDERS",1,0
"78","44556.4",44556,4,3775,"9/17/2011","9/17/2011","9/17/2011","9/17/2011",37.977,-75.401,37.957,75.389,37.955,75.39,0.08,0.4,3.93,2011-09-17,"VA5158BE",44556,4,"SHARK DOGFISH SMOOTH",2,0
"79","44556.4",44556,4,3775,"9/17/2011","9/17/2011","9/17/2011","9/17/2011",37.977,-75.401,37.957,75.389,37.955,75.39,0.08,0.4,3.93,2011-09-17,"VA5158BE",44556,4,"SPOT",268,0
"80","44556.5",44556,5,3775,"9/17/2011","9/17/2011","9/17/2011","9/17/2011",37.968,-75.366,37.967,75.368,37.968,75.367,0.05,0.25,2.05,2011-09-17,"VA5158BE",44556,5,"BLUEFISH",3,1
"81","44556.5",44556,5,3775,"9/17/2011","9/17/2011","9/17/2011","9/17/2011",37.968,-75.366,37.967,75.368,37.968,75.367,0.05,0.25,2.05,2011-09-17,"VA5158BE",44556,5,"CRAB BLUE",5,0
"82","44556.5",44556,5,3775,"9/17/2011","9/17/2011","9/17/2011","9/17/2011",37.968,-75.366,37.967,75.368,37.968,75.367,0.05,0.25,2.05,2011-09-17,"VA5158BE",44556,5,"SPOT",125,0
"83","44557.1",44557,1,3774,"9/20/2011","9/20/2011","9/20/2011","9/20/2011",37.81,-74.983,37.81,74.983,37.801,74.976,0.03,0.22,0.35,2011-09-20,"VA5158BE",44557,1,"CROAKER ATLANTIC",19,1
"84","44557.2",44557,2,3774,"9/20/2011","9/20/2011","9/20/2011","9/20/2011",37.83,-74.907,37.829,74.911,37.829,74.916,0.07,1.25,1.93,2011-09-20,"VA5158BE",44557,2,"BLUEFISH",20,1
"85","44557.2",44557,2,3774,"9/20/2011","9/20/2011","9/20/2011","9/20/2011",37.83,-74.907,37.829,74.911,37.829,74.916,0.07,1.25,1.93,2011-09-20,"VA5158BE",44557,2,"CROAKER ATLANTIC",803,1
"86","44557.2",44557,2,3774,"9/20/2011","9/20/2011","9/20/2011","9/20/2011",37.83,-74.907,37.829,74.911,37.829,74.916,0.07,1.25,1.93,2011-09-20,"VA5158BE",44557,2,"MENHADEN ATLANTIC",8,0
"87","44557.2",44557,2,3774,"9/20/2011","9/20/2011","9/20/2011","9/20/2011",37.83,-74.907,37.829,74.911,37.829,74.916,0.07,1.25,1.93,2011-09-20,"VA5158BE",44557,2,"SHARK DOGFISH SMOOTH",2,0
"88","44557.2",44557,2,3774,"9/20/2011","9/20/2011","9/20/2011","9/20/2011",37.83,-74.907,37.829,74.911,37.829,74.916,0.07,1.25,1.93,2011-09-20,"VA5158BE",44557,2,"SPOT",1,0
"89","44557.3",44557,3,3774,"9/20/2011","9/20/2011","9/20/2011","9/20/2011",37.833,-74.907,37.833,74.912,37.834,74.911,0.07,0.43,2.42,2011-09-20,"VA5158BE",44557,3,"CROAKER ATLANTIC",190,1
"90","44557.3",44557,3,3774,"9/20/2011","9/20/2011","9/20/2011","9/20/2011",37.833,-74.907,37.833,74.912,37.834,74.911,0.07,0.43,2.42,2011-09-20,"VA5158BE",44557,3,"MENHADEN ATLANTIC",6,0
"91","44557.3",44557,3,3774,"9/20/2011","9/20/2011","9/20/2011","9/20/2011",37.833,-74.907,37.833,74.912,37.834,74.911,0.07,0.43,2.42,2011-09-20,"VA5158BE",44557,3,"SEAROBINS, NORTH AMERICAN",1,0
"92","44557.3",44557,3,3774,"9/20/2011","9/20/2011","9/20/2011","9/20/2011",37.833,-74.907,37.833,74.912,37.834,74.911,0.07,0.43,2.42,2011-09-20,"VA5158BE",44557,3,"SHARK DOGFISH SMOOTH",4,0
"93","44557.4",44557,4,3774,"9/20/2011","9/20/2011","9/20/2011","9/20/2011",37.835,-74.908,37.832,74.91,37.832,74.91,0.07,1.62,4.27,2011-09-20,"VA5158BE",44557,4,"BLUEFISH",31,1
"94","44557.4",44557,4,3774,"9/20/2011","9/20/2011","9/20/2011","9/20/2011",37.835,-74.908,37.832,74.91,37.832,74.91,0.07,1.62,4.27,2011-09-20,"VA5158BE",44557,4,"CROAKER ATLANTIC",1216,1
"95","44557.4",44557,4,3774,"9/20/2011","9/20/2011","9/20/2011","9/20/2011",37.835,-74.908,37.832,74.91,37.832,74.91,0.07,1.62,4.27,2011-09-20,"VA5158BE",44557,4,"MENHADEN ATLANTIC",18,0
"96","44557.4",44557,4,3774,"9/20/2011","9/20/2011","9/20/2011","9/20/2011",37.835,-74.908,37.832,74.91,37.832,74.91,0.07,1.62,4.27,2011-09-20,"VA5158BE",44557,4,"SHARK SANDBAR",1,0
"97","44557.5",44557,5,3774,"9/20/2011","9/20/2011","9/20/2011","9/20/2011",37.829,-74.913,37.829,74.909,37.827,74.91,0.05,2,5.95,2011-09-20,"VA5158BE",44557,5,"BLUEFISH",47,1
"98","44557.5",44557,5,3774,"9/20/2011","9/20/2011","9/20/2011","9/20/2011",37.829,-74.913,37.829,74.909,37.827,74.91,0.05,2,5.95,2011-09-20,"VA5158BE",44557,5,"CROAKER ATLANTIC",1371,1
"99","44557.5",44557,5,3774,"9/20/2011","9/20/2011","9/20/2011","9/20/2011",37.829,-74.913,37.829,74.909,37.827,74.91,0.05,2,5.95,2011-09-20,"VA5158BE",44557,5,"MENHADEN ATLANTIC",3,0
"100","44557.5",44557,5,3774,"9/20/2011","9/20/2011","9/20/2011","9/20/2011",37.829,-74.913,37.829,74.909,37.827,74.91,0.05,2,5.95,2011-09-20,"VA5158BE",44557,5,"SEA BASS BLACK",1,1
"101","44557.5",44557,5,3774,"9/20/2011","9/20/2011","9/20/2011","9/20/2011",37.829,-74.913,37.829,74.909,37.827,74.91,0.05,2,5.95,2011-09-20,"VA5158BE",44557,5,"SEAROBINS, NORTH AMERICAN",1,0
"102","44557.5",44557,5,3774,"9/20/2011","9/20/2011","9/20/2011","9/20/2011",37.829,-74.913,37.829,74.909,37.827,74.91,0.05,2,5.95,2011-09-20,"VA5158BE",44557,5,"SHARK DOGFISH SMOOTH",1,0
"103","44557.6",44557,6,3774,"9/20/2011","9/20/2011","9/20/2011","9/20/2011",37.828,-74.909,37.828,74.912,37.829,74.909,0.08,0.95,3.03,2011-09-20,"VA5158BE",44557,6,"BLUEFISH",9,1
"104","44557.6",44557,6,3774,"9/20/2011","9/20/2011","9/20/2011","9/20/2011",37.828,-74.909,37.828,74.912,37.829,74.909,0.08,0.95,3.03,2011-09-20,"VA5158BE",44557,6,"CROAKER ATLANTIC",632,1
"105","44557.6",44557,6,3774,"9/20/2011","9/20/2011","9/20/2011","9/20/2011",37.828,-74.909,37.828,74.912,37.829,74.909,0.08,0.95,3.03,2011-09-20,"VA5158BE",44557,6,"MENHADEN ATLANTIC",6,0
"106","44557.6",44557,6,3774,"9/20/2011","9/20/2011","9/20/2011","9/20/2011",37.828,-74.909,37.828,74.912,37.829,74.909,0.08,0.95,3.03,2011-09-20,"VA5158BE",44557,6,"SEAROBINS, NORTH AMERICAN",2,0
"107","44557.6",44557,6,3774,"9/20/2011","9/20/2011","9/20/2011","9/20/2011",37.828,-74.909,37.828,74.912,37.829,74.909,0.08,0.95,3.03,2011-09-20,"VA5158BE",44557,6,"SHARK DOGFISH SMOOTH",2,0
"108","44561.1",44561,1,3774,"9/21/2011","9/21/2011","9/21/2011","9/21/2011",37.824,-74.964,37.824,74.965,37.823,74.963,0.05,0.9,1.87,2011-09-21,"VA5158BE",44561,1,"BLUEFISH",39,1
"109","44561.1",44561,1,3774,"9/21/2011","9/21/2011","9/21/2011","9/21/2011",37.824,-74.964,37.824,74.965,37.823,74.963,0.05,0.9,1.87,2011-09-21,"VA5158BE",44561,1,"CROAKER ATLANTIC",596,1
"110","44561.1",44561,1,3774,"9/21/2011","9/21/2011","9/21/2011","9/21/2011",37.824,-74.964,37.824,74.965,37.823,74.963,0.05,0.9,1.87,2011-09-21,"VA5158BE",44561,1,"MENHADEN ATLANTIC",8,0
"111","44561.1",44561,1,3774,"9/21/2011","9/21/2011","9/21/2011","9/21/2011",37.824,-74.964,37.824,74.965,37.823,74.963,0.05,0.9,1.87,2011-09-21,"VA5158BE",44561,1,"SHARK DOGFISH SMOOTH",1,0
"112","44561.2",44561,2,3774,"9/21/2011","9/21/2011","9/21/2011","9/21/2011",37.823,-74.961,37.821,74.965,37.822,74.963,0.05,0.7,2.8,2011-09-21,"VA5158BE",44561,2,"BLUEFISH",21,1
"113","44561.2",44561,2,3774,"9/21/2011","9/21/2011","9/21/2011","9/21/2011",37.823,-74.961,37.821,74.965,37.822,74.963,0.05,0.7,2.8,2011-09-21,"VA5158BE",44561,2,"CRAB SPIDER",2,0
"114","44561.2",44561,2,3774,"9/21/2011","9/21/2011","9/21/2011","9/21/2011",37.823,-74.961,37.821,74.965,37.822,74.963,0.05,0.7,2.8,2011-09-21,"VA5158BE",44561,2,"CROAKER ATLANTIC",329,1
"115","44561.2",44561,2,3774,"9/21/2011","9/21/2011","9/21/2011","9/21/2011",37.823,-74.961,37.821,74.965,37.822,74.963,0.05,0.7,2.8,2011-09-21,"VA5158BE",44561,2,"MENHADEN ATLANTIC",16,0
"116","44561.2",44561,2,3774,"9/21/2011","9/21/2011","9/21/2011","9/21/2011",37.823,-74.961,37.821,74.965,37.822,74.963,0.05,0.7,2.8,2011-09-21,"VA5158BE",44561,2,"SHARK DOGFISH SMOOTH",5,0
"117","44561.3",44561,3,3774,"9/21/2011","9/21/2011","9/21/2011","9/21/2011",37.82,-74.965,37.819,74.969,37.82,74.968,0.07,0.9,3.95,2011-09-21,"VA5158BE",44561,3,"BLUEFISH",41,1
"118","44561.3",44561,3,3774,"9/21/2011","9/21/2011","9/21/2011","9/21/2011",37.82,-74.965,37.819,74.969,37.82,74.968,0.07,0.9,3.95,2011-09-21,"VA5158BE",44561,3,"CROAKER ATLANTIC",482,1
"119","44561.3",44561,3,3774,"9/21/2011","9/21/2011","9/21/2011","9/21/2011",37.82,-74.965,37.819,74.969,37.82,74.968,0.07,0.9,3.95,2011-09-21,"VA5158BE",44561,3,"MENHADEN ATLANTIC",19,0
"120","44561.3",44561,3,3774,"9/21/2011","9/21/2011","9/21/2011","9/21/2011",37.82,-74.965,37.819,74.969,37.82,74.968,0.07,0.9,3.95,2011-09-21,"VA5158BE",44561,3,"SHARK DOGFISH SMOOTH",4,0
"121","44561.3",44561,3,3774,"9/21/2011","9/21/2011","9/21/2011","9/21/2011",37.82,-74.965,37.819,74.969,37.82,74.968,0.07,0.9,3.95,2011-09-21,"VA5158BE",44561,3,"SHARK SANDBAR",1,0
"122","44561.3",44561,3,3774,"9/21/2011","9/21/2011","9/21/2011","9/21/2011",37.82,-74.965,37.819,74.969,37.82,74.968,0.07,0.9,3.95,2011-09-21,"VA5158BE",44561,3,"SPOT",7,0
"123","44561.4",44561,4,3774,"9/21/2011","9/21/2011","9/21/2011","9/21/2011",37.818,-74.966,37.816,74.97,37.818,74.97,0.05,0.77,4.8,2011-09-21,"VA5158BE",44561,4,"BLUEFISH",55,1
"124","44561.4",44561,4,3774,"9/21/2011","9/21/2011","9/21/2011","9/21/2011",37.818,-74.966,37.816,74.97,37.818,74.97,0.05,0.77,4.8,2011-09-21,"VA5158BE",44561,4,"CRAB SPIDER",3,0
"125","44561.4",44561,4,3774,"9/21/2011","9/21/2011","9/21/2011","9/21/2011",37.818,-74.966,37.816,74.97,37.818,74.97,0.05,0.77,4.8,2011-09-21,"VA5158BE",44561,4,"CROAKER ATLANTIC",384,1
"126","44561.4",44561,4,3774,"9/21/2011","9/21/2011","9/21/2011","9/21/2011",37.818,-74.966,37.816,74.97,37.818,74.97,0.05,0.77,4.8,2011-09-21,"VA5158BE",44561,4,"MENHADEN ATLANTIC",5,0
"127","44561.4",44561,4,3774,"9/21/2011","9/21/2011","9/21/2011","9/21/2011",37.818,-74.966,37.816,74.97,37.818,74.97,0.05,0.77,4.8,2011-09-21,"VA5158BE",44561,4,"SHARK DOGFISH SMOOTH",4,0
"128","44561.4",44561,4,3774,"9/21/2011","9/21/2011","9/21/2011","9/21/2011",37.818,-74.966,37.816,74.97,37.818,74.97,0.05,0.77,4.8,2011-09-21,"VA5158BE",44561,4,"SPOT",7,0
"129","44561.5",44561,5,3774,"9/21/2011","9/21/2011","9/21/2011","9/21/2011",37.817,-74.969,37.816,74.972,37.817,74.972,0.03,0.53,4.02,2011-09-21,"VA5158BE",44561,5,"BLUEFISH",48,1
"130","44561.5",44561,5,3774,"9/21/2011","9/21/2011","9/21/2011","9/21/2011",37.817,-74.969,37.816,74.972,37.817,74.972,0.03,0.53,4.02,2011-09-21,"VA5158BE",44561,5,"CROAKER ATLANTIC",253,1
"131","44561.5",44561,5,3774,"9/21/2011","9/21/2011","9/21/2011","9/21/2011",37.817,-74.969,37.816,74.972,37.817,74.972,0.03,0.53,4.02,2011-09-21,"VA5158BE",44561,5,"MENHADEN ATLANTIC",13,0
"132","44561.5",44561,5,3774,"9/21/2011","9/21/2011","9/21/2011","9/21/2011",37.817,-74.969,37.816,74.972,37.817,74.972,0.03,0.53,4.02,2011-09-21,"VA5158BE",44561,5,"SHARK ATLANTIC SHARPNOSE",1,0
"133","44561.5",44561,5,3774,"9/21/2011","9/21/2011","9/21/2011","9/21/2011",37.817,-74.969,37.816,74.972,37.817,74.972,0.03,0.53,4.02,2011-09-21,"VA5158BE",44561,5,"SHARK DOGFISH SMOOTH",7,0
"134","44561.5",44561,5,3774,"9/21/2011","9/21/2011","9/21/2011","9/21/2011",37.817,-74.969,37.816,74.972,37.817,74.972,0.03,0.53,4.02,2011-09-21,"VA5158BE",44561,5,"SPOT",5,0
"135","44561.6",44561,6,3774,"9/21/2011","9/21/2011","9/21/2011","9/21/2011",37.824,-74.961,37.823,74.967,37.824,74.965,0.05,0.75,3.83,2011-09-21,"VA5158BE",44561,6,"BLUEFISH",56,1
"136","44561.6",44561,6,3774,"9/21/2011","9/21/2011","9/21/2011","9/21/2011",37.824,-74.961,37.823,74.967,37.824,74.965,0.05,0.75,3.83,2011-09-21,"VA5158BE",44561,6,"CRAB SPIDER",5,0
"137","44561.6",44561,6,3774,"9/21/2011","9/21/2011","9/21/2011","9/21/2011",37.824,-74.961,37.823,74.967,37.824,74.965,0.05,0.75,3.83,2011-09-21,"VA5158BE",44561,6,"CROAKER ATLANTIC",416,1
"138","44561.6",44561,6,3774,"9/21/2011","9/21/2011","9/21/2011","9/21/2011",37.824,-74.961,37.823,74.967,37.824,74.965,0.05,0.75,3.83,2011-09-21,"VA5158BE",44561,6,"MENHADEN ATLANTIC",6,0
"139","44561.6",44561,6,3774,"9/21/2011","9/21/2011","9/21/2011","9/21/2011",37.824,-74.961,37.823,74.967,37.824,74.965,0.05,0.75,3.83,2011-09-21,"VA5158BE",44561,6,"SEA STARS",2,0
"140","44561.6",44561,6,3774,"9/21/2011","9/21/2011","9/21/2011","9/21/2011",37.824,-74.961,37.823,74.967,37.824,74.965,0.05,0.75,3.83,2011-09-21,"VA5158BE",44561,6,"SPOT",6,0
"141","44583.1",44583,1,3675,"11/15/2011","11/15/2011","11/18/2011","11/18/2011",NA,NA,36.804,75.8,36.807,75.8,NA,0.82,NA,2011-11-15,"1026197",44583,1,"SHARK DOGFISH SPINY",375,0
"142","44584.1",44584,1,3675,"11/18/2011","11/18/2011","11/19/2011","11/19/2011",36.808,-75.8,36.808,75.8,36.804,75.8,0.08,0.8,21.2,2011-11-18,"1026197",44584,1,"BLUEFISH",1,1
"143","44584.1",44584,1,3675,"11/18/2011","11/18/2011","11/19/2011","11/19/2011",36.808,-75.8,36.808,75.8,36.804,75.8,0.08,0.8,21.2,2011-11-18,"1026197",44584,1,"SHARK DOGFISH SPINY",86,0
"144","44584.1",44584,1,3675,"11/18/2011","11/18/2011","11/19/2011","11/19/2011",36.808,-75.8,36.808,75.8,36.804,75.8,0.08,0.8,21.2,2011-11-18,"1026197",44584,1,"SHARK THRESHER",1,0
"145","44584.2",44584,2,3675,"11/18/2011","11/18/2011","11/19/2011","11/19/2011",36.803,-75.87,36.806,75.871,36.802,75.87,0.1,0.88,20.7,2011-11-18,"1026197",44584,2,"BLUEFISH",2,1
"146","44584.2",44584,2,3675,"11/18/2011","11/18/2011","11/19/2011","11/19/2011",36.803,-75.87,36.806,75.871,36.802,75.87,0.1,0.88,20.7,2011-11-18,"1026197",44584,2,"SHARK DOGFISH SPINY",98,0
"147","44585.2",44585,2,3675,"11/19/2011","11/19/2011","11/20/2011","11/20/2011",36.798,-75.792,36.785,75.792,36.798,75.791,0.13,0.62,23.2,2011-11-19,"1026197",44585,2,"SHARK DOGFISH SPINY",58,0
"148","44585.3",44585,3,3675,"11/19/2011","11/19/2011","11/20/2011","11/20/2011",NA,NA,36.783,75.755,36.783,75.754,NA,1.1,NA,2011-11-19,"1026197",44585,3,"SHARK DOGFISH SMOOTH",5,0
"149","44585.3",44585,3,3675,"11/19/2011","11/19/2011","11/20/2011","11/20/2011",NA,NA,36.783,75.755,36.783,75.754,NA,1.1,NA,2011-11-19,"1026197",44585,3,"SHARK DOGFISH SPINY",392,0
"150","44585.4",44585,4,3675,"11/19/2011","11/19/2011","11/20/2011","11/20/2011",36.808,-75.871,36.812,75.871,36.809,75.872,0.08,0.4,24.87,2011-11-19,"1026197",44585,4,"BLUEFISH",2,1
"151","44585.4",44585,4,3675,"11/19/2011","11/19/2011","11/20/2011","11/20/2011",36.808,-75.871,36.812,75.871,36.809,75.872,0.08,0.4,24.87,2011-11-19,"1026197",44585,4,"SHARK DOGFISH SPINY",58,0
"152","44585.5",44585,5,3675,"11/19/2011","11/19/2011","11/20/2011","11/20/2011",36.802,-75.87,36.806,75.871,36.804,75.87,0.07,0.27,25.43,2011-11-19,"1026197",44585,5,"SHARK DOGFISH SPINY",81,0
"153","44642.1",44642,1,3776,"7/9/2012","7/9/2012","7/10/2012","7/10/2012",37.542,-76.004,37.542,76.008,37.539,76.01,0.05,0.67,2.57,2012-07-09,"VA5158BE",44642,1,"CROAKER ATLANTIC",617,1
"154","44642.1",44642,1,3776,"7/9/2012","7/9/2012","7/10/2012","7/10/2012",37.542,-76.004,37.542,76.008,37.539,76.01,0.05,0.67,2.57,2012-07-09,"VA5158BE",44642,1,"MENHADEN ATLANTIC",11,0
"155","44642.2",44642,2,3776,"7/9/2012","7/9/2012","7/10/2012","7/10/2012",37.542,-76.006,37.542,76.005,37.539,76.007,0.03,0.3,4.08,2012-07-09,"VA5158BE",44642,2,"CROAKER ATLANTIC",116,1
"156","44642.2",44642,2,3776,"7/9/2012","7/9/2012","7/10/2012","7/10/2012",37.542,-76.006,37.542,76.005,37.539,76.007,0.03,0.3,4.08,2012-07-09,"VA5158BE",44642,2,"SHARK SANDBAR",2,0
"157","44642.3",44642,3,3776,"7/9/2012","7/9/2012","7/10/2012","7/10/2012",37.542,-76.007,37.542,76.007,37.539,76.009,0.03,0.4,3.57,2012-07-09,"VA5158BE",44642,3,"CROAKER ATLANTIC",205,1
"158","44642.4",44642,4,3776,"7/9/2012","7/10/2012","7/10/2012","7/10/2012",37.541,-76.009,37.542,76.004,37.539,76.006,0.05,0.48,4.45,2012-07-09,"VA5158BE",44642,4,"BLUEFISH",1,1
"159","44642.4",44642,4,3776,"7/9/2012","7/10/2012","7/10/2012","7/10/2012",37.541,-76.009,37.542,76.004,37.539,76.006,0.05,0.48,4.45,2012-07-09,"VA5158BE",44642,4,"CROAKER ATLANTIC",259,1
"160","44642.5",44642,5,3776,"7/10/2012","7/10/2012","7/10/2012","7/10/2012",37.543,-76.009,37.544,76.009,37.541,76.011,0.05,0.52,2.8,2012-07-10,"VA5158BE",44642,5,"CROAKER ATLANTIC",447,1
"161","44642.5",44642,5,3776,"7/10/2012","7/10/2012","7/10/2012","7/10/2012",37.543,-76.009,37.544,76.009,37.541,76.011,0.05,0.52,2.8,2012-07-10,"VA5158BE",44642,5,"MENHADEN ATLANTIC",2,0
"162","44642.6",44642,6,3776,"7/10/2012","7/10/2012","7/10/2012","7/10/2012",37.545,-76.009,37.546,76.009,37.542,76.011,0.05,0.4,1.12,2012-07-10,"VA5158BE",44642,6,"CROAKER ATLANTIC",217,1
"163","44643.1",44643,1,3776,"7/10/2012","7/10/2012","7/11/2012","7/11/2012",37.545,-76.009,37.542,76.011,37.545,76.01,0.05,0.32,3.6,2012-07-10,"VA5158BE",44643,1,"CROAKER ATLANTIC",111,1
"164","44643.1",44643,1,3776,"7/10/2012","7/10/2012","7/11/2012","7/11/2012",37.545,-76.009,37.542,76.011,37.545,76.01,0.05,0.32,3.6,2012-07-10,"VA5158BE",44643,1,"MENHADEN ATLANTIC",6,0
"165","44643.2",44643,2,3776,"7/10/2012","7/10/2012","7/11/2012","7/11/2012",37.544,-76.007,37.54,76.009,37.543,76.008,0.05,0.22,3.8,2012-07-10,"VA5158BE",44643,2,"CROAKER ATLANTIC",27,1
"166","44643.2",44643,2,3776,"7/10/2012","7/10/2012","7/11/2012","7/11/2012",37.544,-76.007,37.54,76.009,37.543,76.008,0.05,0.22,3.8,2012-07-10,"VA5158BE",44643,2,"SHARK ATLANTIC SHARPNOSE",6,0
"167","44643.3",44643,3,3776,"7/11/2012","7/11/2012","7/11/2012","7/11/2012",37.543,-76.006,37.539,76.008,37.542,76.006,0.05,0.25,2.95,2012-07-11,"VA5158BE",44643,3,"CROAKER ATLANTIC",19,1
"168","44643.4",44643,4,3776,"7/11/2012","7/11/2012","7/11/2012","7/11/2012",37.542,-76.004,37.539,76.006,37.542,76.005,0.05,0.22,2.48,2012-07-11,"VA5158BE",44643,4,"CRAB BLUE",2,0
"169","44643.4",44643,4,3776,"7/11/2012","7/11/2012","7/11/2012","7/11/2012",37.542,-76.004,37.539,76.006,37.542,76.005,0.05,0.22,2.48,2012-07-11,"VA5158BE",44643,4,"CROAKER ATLANTIC",27,1
"170","44643.5",44643,5,3776,"7/11/2012","7/11/2012","7/11/2012","7/11/2012",37.542,-76.003,37.539,76.004,37.542,76.003,0.05,0.25,2.07,2012-07-11,"VA5158BE",44643,5,"CROAKER ATLANTIC",58,1
"171","44644.1",44644,1,3776,"7/13/2012","7/13/2012","7/13/2012","7/13/2012",37.543,-76.012,37.539,76.014,37.543,76.012,0.03,0.28,4.4,2012-07-13,"VA5158BE",44644,1,"CROAKER ATLANTIC",78,1
"172","44644.1",44644,1,3776,"7/13/2012","7/13/2012","7/13/2012","7/13/2012",37.543,-76.012,37.539,76.014,37.543,76.012,0.03,0.28,4.4,2012-07-13,"VA5158BE",44644,1,"MENHADEN ATLANTIC",3,0
"173","44644.2",44644,2,3776,"7/13/2012","7/13/2012","7/13/2012","7/13/2012",37.545,-76.011,37.542,76.012,37.545,76.011,0.05,0.45,3.78,2012-07-13,"VA5158BE",44644,2,"BLUEFISH",1,1
"174","44644.2",44644,2,3776,"7/13/2012","7/13/2012","7/13/2012","7/13/2012",37.545,-76.011,37.542,76.012,37.545,76.011,0.05,0.45,3.78,2012-07-13,"VA5158BE",44644,2,"BUTTERFISH",2,1
"175","44644.2",44644,2,3776,"7/13/2012","7/13/2012","7/13/2012","7/13/2012",37.545,-76.011,37.542,76.012,37.545,76.011,0.05,0.45,3.78,2012-07-13,"VA5158BE",44644,2,"CROAKER ATLANTIC",250,1
"176","44644.2",44644,2,3776,"7/13/2012","7/13/2012","7/13/2012","7/13/2012",37.545,-76.011,37.542,76.012,37.545,76.011,0.05,0.45,3.78,2012-07-13,"VA5158BE",44644,2,"SEATROUT WEAKFISH",1,0
"177","44644.3",44644,3,3776,"7/13/2012","7/13/2012","7/13/2012","7/13/2012",37.546,-76.012,37.544,76.014,37.547,76.012,0.05,0.3,4.07,2012-07-13,"VA5158BE",44644,3,"BUTTERFISH",1,1
"178","44644.3",44644,3,3776,"7/13/2012","7/13/2012","7/13/2012","7/13/2012",37.546,-76.012,37.544,76.014,37.547,76.012,0.05,0.3,4.07,2012-07-13,"VA5158BE",44644,3,"CROAKER ATLANTIC",73,1
"179","44644.4",44644,4,3776,"7/13/2012","7/13/2012","7/13/2012","7/13/2012",37.544,-76.009,37.542,76.011,37.544,76.01,0.05,0.43,2.45,2012-07-13,"VA5158BE",44644,4,"BLUEFISH",5,1
"180","44644.4",44644,4,3776,"7/13/2012","7/13/2012","7/13/2012","7/13/2012",37.544,-76.009,37.542,76.011,37.544,76.01,0.05,0.43,2.45,2012-07-13,"VA5158BE",44644,4,"CROAKER ATLANTIC",316,1
"181","44831.1",44831,1,3875,"8/6/2014","8/6/2014","8/7/2014","8/7/2014",38.149,-75.225,38.145,75.227,38.148,75.225,0.03,0.2,6.63,2014-08-06,"VA5158BE",44831,1,"CRAB BLUE",3,0
"182","44831.1",44831,1,3875,"8/6/2014","8/6/2014","8/7/2014","8/7/2014",38.149,-75.225,38.145,75.227,38.148,75.225,0.03,0.2,6.63,2014-08-06,"VA5158BE",44831,1,"JELLYFISH",14,0
"183","44831.1",44831,1,3875,"8/6/2014","8/6/2014","8/7/2014","8/7/2014",38.149,-75.225,38.145,75.227,38.148,75.225,0.03,0.2,6.63,2014-08-06,"VA5158BE",44831,1,"SPOT",2,0
"184","44831.2",44831,2,3875,"8/6/2014","8/6/2014","8/7/2014","8/7/2014",38.145,-75.227,38.145,75.227,38.141,75.228,0.03,0.2,6.87,2014-08-06,"VA5158BE",44831,2,"BLUEFISH",1,1
"185","44831.2",44831,2,3875,"8/6/2014","8/6/2014","8/7/2014","8/7/2014",38.145,-75.227,38.145,75.227,38.141,75.228,0.03,0.2,6.87,2014-08-06,"VA5158BE",44831,2,"JELLYFISH",27,0
"186","44831.3",44831,3,3875,"8/6/2014","8/6/2014","8/7/2014","8/7/2014",38.14,-75.229,38.14,75.229,38.139,75.231,0.03,0.22,7.17,2014-08-06,"VA5158BE",44831,3,"CRAB BLUE",13,0
"187","44831.3",44831,3,3875,"8/6/2014","8/6/2014","8/7/2014","8/7/2014",38.14,-75.229,38.14,75.229,38.139,75.231,0.03,0.22,7.17,2014-08-06,"VA5158BE",44831,3,"JELLYFISH",10,0
"188","44831.3",44831,3,3875,"8/6/2014","8/6/2014","8/7/2014","8/7/2014",38.14,-75.229,38.14,75.229,38.139,75.231,0.03,0.22,7.17,2014-08-06,"VA5158BE",44831,3,"SPOT",1,0
"189","44831.4",44831,4,3875,"8/6/2014","8/6/2014","8/7/2014","8/7/2014",38.138,-75.231,38.138,75.231,38.137,75.232,0.05,0.32,7.57,2014-08-06,"VA5158BE",44831,4,"JELLYFISH",15,0
"190","44831.4",44831,4,3875,"8/6/2014","8/6/2014","8/7/2014","8/7/2014",38.138,-75.231,38.138,75.231,38.137,75.232,0.05,0.32,7.57,2014-08-06,"VA5158BE",44831,4,"SPOT",1,0
"191","44831.5",44831,5,3875,"8/6/2014","8/6/2014","8/7/2014","8/7/2014",38.137,-75.232,38.137,75.232,38.135,75.233,0.05,0.48,8.08,2014-08-06,"VA5158BE",44831,5,"JELLYFISH",11,0
"192","44831.5",44831,5,3875,"8/6/2014","8/6/2014","8/7/2014","8/7/2014",38.137,-75.232,38.137,75.232,38.135,75.233,0.05,0.48,8.08,2014-08-06,"VA5158BE",44831,5,"SPOT",2,0
"193","44835.1",44835,1,3875,"8/7/2014","8/7/2014","8/8/2014","8/8/2014",38.154,-75.258,38.151,75.259,38.153,75.258,0.03,0.35,9.95,2014-08-07,"VA5158BE",44835,1,"BLUEFISH",3,1
"194","44835.1",44835,1,3875,"8/7/2014","8/7/2014","8/8/2014","8/8/2014",38.154,-75.258,38.151,75.259,38.153,75.258,0.03,0.35,9.95,2014-08-07,"VA5158BE",44835,1,"CRAB BLUE",2,0
"195","44835.1",44835,1,3875,"8/7/2014","8/7/2014","8/8/2014","8/8/2014",38.154,-75.258,38.151,75.259,38.153,75.258,0.03,0.35,9.95,2014-08-07,"VA5158BE",44835,1,"CROAKER ATLANTIC",3,1
"196","44835.1",44835,1,3875,"8/7/2014","8/7/2014","8/8/2014","8/8/2014",38.154,-75.258,38.151,75.259,38.153,75.258,0.03,0.35,9.95,2014-08-07,"VA5158BE",44835,1,"SPOT",193,0
"197","44835.2",44835,2,3875,"8/7/2014","8/7/2014","8/8/2014","8/8/2014",38.15,-75.26,38.147,75.262,38.149,75.26,0.03,0.2,10.25,2014-08-07,"VA5158BE",44835,2,"BLUEFISH",8,1
"198","44835.2",44835,2,3875,"8/7/2014","8/7/2014","8/8/2014","8/8/2014",38.15,-75.26,38.147,75.262,38.149,75.26,0.03,0.2,10.25,2014-08-07,"VA5158BE",44835,2,"SPOT",78,0
"199","44835.3",44835,3,3875,"8/7/2014","8/7/2014","8/8/2014","8/8/2014",38.143,-75.261,38.139,75.263,38.14,75.262,0.05,0.48,11.08,2014-08-07,"VA5158BE",44835,3,"BLUEFISH",17,1
"200","44835.3",44835,3,3875,"8/7/2014","8/7/2014","8/8/2014","8/8/2014",38.143,-75.261,38.139,75.263,38.14,75.262,0.05,0.48,11.08,2014-08-07,"VA5158BE",44835,3,"SPOT",215,0
"201","44835.4",44835,4,3875,"8/7/2014","8/7/2014","8/8/2014","8/8/2014",38.138,-75.264,38.135,75.265,38.136,75.264,0.05,0.68,12.12,2014-08-07,"VA5158BE",44835,4,"CRAB BLUE",2,0
"202","44835.4",44835,4,3875,"8/7/2014","8/7/2014","8/8/2014","8/8/2014",38.138,-75.264,38.135,75.265,38.136,75.264,0.05,0.68,12.12,2014-08-07,"VA5158BE",44835,4,"CROAKER ATLANTIC",41,1
"203","44835.4",44835,4,3875,"8/7/2014","8/7/2014","8/8/2014","8/8/2014",38.138,-75.264,38.135,75.265,38.136,75.264,0.05,0.68,12.12,2014-08-07,"VA5158BE",44835,4,"SPOT",66,0
"204","44835.5",44835,5,3875,"8/7/2014","8/7/2014","8/8/2014","8/8/2014",38.163,-75.217,38.159,75.218,38.161,75.217,0.03,0.7,13.05,2014-08-07,"VA5158BE",44835,5,"CRAB BLUE",6,0
"205","44835.5",44835,5,3875,"8/7/2014","8/7/2014","8/8/2014","8/8/2014",38.163,-75.217,38.159,75.218,38.161,75.217,0.03,0.7,13.05,2014-08-07,"VA5158BE",44835,5,"SPOT",94,0
"206","44836.1",44836,1,3875,"8/8/2014","8/8/2014","8/9/2014","8/9/2014",38.139,-75.26,38.138,75.26,38.134,75.261,0.05,0.48,10.45,2014-08-08,"VA5158BE",44836,1,"BLUEFISH",4,1
"207","44836.1",44836,1,3875,"8/8/2014","8/8/2014","8/9/2014","8/9/2014",38.139,-75.26,38.138,75.26,38.134,75.261,0.05,0.48,10.45,2014-08-08,"VA5158BE",44836,1,"CROAKER ATLANTIC",3,1
"208","44836.1",44836,1,3875,"8/8/2014","8/8/2014","8/9/2014","8/9/2014",38.139,-75.26,38.138,75.26,38.134,75.261,0.05,0.48,10.45,2014-08-08,"VA5158BE",44836,1,"MACKEREL KING",1,0
"209","44836.1",44836,1,3875,"8/8/2014","8/8/2014","8/9/2014","8/9/2014",38.139,-75.26,38.138,75.26,38.134,75.261,0.05,0.48,10.45,2014-08-08,"VA5158BE",44836,1,"SPOT",122,0
"210","44836.2",44836,2,3875,"8/8/2014","8/8/2014","8/9/2014","8/9/2014",38.133,-75.262,38.133,75.262,38.13,75.263,0.03,0.6,11.18,2014-08-08,"VA5158BE",44836,2,"BLUEFISH",27,1
"211","44836.2",44836,2,3875,"8/8/2014","8/8/2014","8/9/2014","8/9/2014",38.133,-75.262,38.133,75.262,38.13,75.263,0.03,0.6,11.18,2014-08-08,"VA5158BE",44836,2,"CRAB BLUE",11,0
"212","44836.2",44836,2,3875,"8/8/2014","8/8/2014","8/9/2014","8/9/2014",38.133,-75.262,38.133,75.262,38.13,75.263,0.03,0.6,11.18,2014-08-08,"VA5158BE",44836,2,"SEATROUT WEAKFISH",2,0
"213","44836.2",44836,2,3875,"8/8/2014","8/8/2014","8/9/2014","8/9/2014",38.133,-75.262,38.133,75.262,38.13,75.263,0.03,0.6,11.18,2014-08-08,"VA5158BE",44836,2,"SPOT",210,0
"214","44836.3",44836,3,3875,"8/8/2014","8/8/2014","8/9/2014","8/9/2014",38.129,-75.263,38.129,75.263,38.126,75.264,0.05,0.68,11.93,2014-08-08,"VA5158BE",44836,3,"BLUEFISH",22,1
"215","44836.3",44836,3,3875,"8/8/2014","8/8/2014","8/9/2014","8/9/2014",38.129,-75.263,38.129,75.263,38.126,75.264,0.05,0.68,11.93,2014-08-08,"VA5158BE",44836,3,"CRAB BLUE",15,0
"216","44836.3",44836,3,3875,"8/8/2014","8/8/2014","8/9/2014","8/9/2014",38.129,-75.263,38.129,75.263,38.126,75.264,0.05,0.68,11.93,2014-08-08,"VA5158BE",44836,3,"CROAKER ATLANTIC",33,1
"217","44836.3",44836,3,3875,"8/8/2014","8/8/2014","8/9/2014","8/9/2014",38.129,-75.263,38.129,75.263,38.126,75.264,0.05,0.68,11.93,2014-08-08,"VA5158BE",44836,3,"SPOT",97,0
"218","44836.4",44836,4,3875,"8/8/2014","8/8/2014","8/9/2014","8/9/2014",38.125,-75.264,38.125,75.264,38.121,75.265,0.03,0.43,12.6,2014-08-08,"VA5158BE",44836,4,"BLUEFISH",6,1
"219","44836.4",44836,4,3875,"8/8/2014","8/8/2014","8/9/2014","8/9/2014",38.125,-75.264,38.125,75.264,38.121,75.265,0.03,0.43,12.6,2014-08-08,"VA5158BE",44836,4,"SPOT",115,0
"220","44836.5",44836,5,3875,"8/8/2014","8/8/2014","8/9/2014","8/9/2014",38.12,-75.271,38.12,75.271,38.117,75.273,0.05,0.53,13.17,2014-08-08,"VA5158BE",44836,5,"BLUEFISH",7,1
"221","44836.5",44836,5,3875,"8/8/2014","8/8/2014","8/9/2014","8/9/2014",38.12,-75.271,38.12,75.271,38.117,75.273,0.05,0.53,13.17,2014-08-08,"VA5158BE",44836,5,"SPOT",133,0
"222","45028.1",45028,1,3774,"4/20/2008","4/20/2008","4/24/2008","4/24/2008",37.812,-74.927,37.812,74.927,37.814,74.93,0.17,0.92,87.25,2008-04-20,"644632",45028,1,"ANGLERFISH MONKFISH",68,1
"223","45028.1",45028,1,3774,"4/20/2008","4/20/2008","4/24/2008","4/24/2008",37.812,-74.927,37.812,74.927,37.814,74.93,0.17,0.92,87.25,2008-04-20,"644632",45028,1,"CRAB HORSESHOE",9,0
"224","45028.1",45028,1,3774,"4/20/2008","4/20/2008","4/24/2008","4/24/2008",37.812,-74.927,37.812,74.927,37.814,74.93,0.17,0.92,87.25,2008-04-20,"644632",45028,1,"FLOUNDERS",1,0
"225","45028.1",45028,1,3774,"4/20/2008","4/20/2008","4/24/2008","4/24/2008",37.812,-74.927,37.812,74.927,37.814,74.93,0.17,0.92,87.25,2008-04-20,"644632",45028,1,"SHARK DOGFISH SPINY",5,0
"226","45028.1",45028,1,3774,"4/20/2008","4/20/2008","4/24/2008","4/24/2008",37.812,-74.927,37.812,74.927,37.814,74.93,0.17,0.92,87.25,2008-04-20,"644632",45028,1,"SKATE WINTER",56,0
"227","45028.2",45028,2,3774,"4/20/2008","4/20/2008","4/24/2008","4/24/2008",37.814,-74.95,37.814,74.95,37.817,74.955,0.17,1.17,88.33,2008-04-20,"644632",45028,2,"ANGLERFISH MONKFISH",105,1
"228","45028.2",45028,2,3774,"4/20/2008","4/20/2008","4/24/2008","4/24/2008",37.814,-74.95,37.814,74.95,37.817,74.955,0.17,1.17,88.33,2008-04-20,"644632",45028,2,"CRAB HORSESHOE",3,0
"229","45028.2",45028,2,3774,"4/20/2008","4/20/2008","4/24/2008","4/24/2008",37.814,-74.95,37.814,74.95,37.817,74.955,0.17,1.17,88.33,2008-04-20,"644632",45028,2,"SHARK DOGFISH SPINY",1,0
"230","45028.2",45028,2,3774,"4/20/2008","4/20/2008","4/24/2008","4/24/2008",37.814,-74.95,37.814,74.95,37.817,74.955,0.17,1.17,88.33,2008-04-20,"644632",45028,2,"SKATE WINTER",47,0
"231","45028.3",45028,3,3774,"4/20/2008","4/20/2008","4/24/2008","4/24/2008",37.82,-74.957,37.82,74.957,37.824,74.959,0.17,2,90.33,2008-04-20,"644632",45028,3,"ANGLERFISH MONKFISH",163,1
"232","45028.3",45028,3,3774,"4/20/2008","4/20/2008","4/24/2008","4/24/2008",37.82,-74.957,37.82,74.957,37.824,74.959,0.17,2,90.33,2008-04-20,"644632",45028,3,"CRAB HORSESHOE",7,0
"233","45028.3",45028,3,3774,"4/20/2008","4/20/2008","4/24/2008","4/24/2008",37.82,-74.957,37.82,74.957,37.824,74.959,0.17,2,90.33,2008-04-20,"644632",45028,3,"SHARK DOGFISH SPINY",2,0
"234","45028.3",45028,3,3774,"4/20/2008","4/20/2008","4/24/2008","4/24/2008",37.82,-74.957,37.82,74.957,37.824,74.959,0.17,2,90.33,2008-04-20,"644632",45028,3,"SKATE WINTER",72,0
"235","45028.4",45028,4,3774,"4/20/2008","4/20/2008","4/24/2008","4/24/2008",37.815,-74.961,37.815,74.961,37.812,74.962,0.17,0.92,91.42,2008-04-20,"644632",45028,4,"ANGLERFISH MONKFISH",78,1
"236","45028.4",45028,4,3774,"4/20/2008","4/20/2008","4/24/2008","4/24/2008",37.815,-74.961,37.815,74.961,37.812,74.962,0.17,0.92,91.42,2008-04-20,"644632",45028,4,"SHARK DOGFISH SPINY",1,0
"237","45028.4",45028,4,3774,"4/20/2008","4/20/2008","4/24/2008","4/24/2008",37.815,-74.961,37.815,74.961,37.812,74.962,0.17,0.92,91.42,2008-04-20,"644632",45028,4,"SKATE WINTER",63,0
"238","61527.1",61527,1,3974,"8/9/2020","8/9/2020","8/9/2020","8/9/2020",39.585,-74.125,39.584,74.142,39.585,74.125,0.3,0.92,1.92,2020-08-09,"683426",61527,1,"MENHADEN ATLANTIC",7,0
"239","61527.1",61527,1,3974,"8/9/2020","8/9/2020","8/9/2020","8/9/2020",39.585,-74.125,39.584,74.142,39.585,74.125,0.3,0.92,1.92,2020-08-09,"683426",61527,1,"RAY BULLNOSE",1,0
"240","61527.1",61527,1,3974,"8/9/2020","8/9/2020","8/9/2020","8/9/2020",39.585,-74.125,39.584,74.142,39.585,74.125,0.3,0.92,1.92,2020-08-09,"683426",61527,1,"SHARK THRESHER COMMON",1,0
"241","61527.2",61527,2,3974,"8/9/2020","8/9/2020","8/9/2020","8/9/2020",39.533,-74.15,39.54,74.16,39.535,74.144,0.23,0.82,1.93,2020-08-09,"683426",61527,2,"MENHADEN ATLANTIC",1,0
"242","61527.2",61527,2,3974,"8/9/2020","8/9/2020","8/9/2020","8/9/2020",39.533,-74.15,39.54,74.16,39.535,74.144,0.23,0.82,1.93,2020-08-09,"683426",61527,2,"RAY BULLNOSE",2,0
"243","61607.1",61607,1,3974,"8/10/2020","8/10/2020","8/10/2020","8/10/2020",39.804,-74.024,39.804,74.013,39.804,74.025,0.18,0.62,1.98,2020-08-10,"683426",61607,1,"RAY BULLNOSE",3,0
"244","61607.2",61607,2,3974,"8/10/2020","8/10/2020","8/10/2020","8/10/2020",39.843,-74.029,39.843,74.03,39.343,74.03,0.2,3.08,3.95,2020-08-10,"683426",61607,2,"RAY BULLNOSE",200,0
"245","61790.1",61790,1,3974,"9/14/2020","9/14/2020","9/14/2020","9/14/2020",39.759,-74.109,39.731,74.076,39.732,74.083,0.17,0.63,2.53,2020-09-14,"683426",61790,1,"BLUEFISH",1,1
"246","61790.1",61790,1,3974,"9/14/2020","9/14/2020","9/14/2020","9/14/2020",39.759,-74.109,39.731,74.076,39.732,74.083,0.17,0.63,2.53,2020-09-14,"683426",61790,1,"MACKEREL SPANISH",5,1
"247","61790.1",61790,1,3974,"9/14/2020","9/14/2020","9/14/2020","9/14/2020",39.759,-74.109,39.731,74.076,39.732,74.083,0.17,0.63,2.53,2020-09-14,"683426",61790,1,"SHARK DOGFISH SMOOTH",8,0
"248","61790.1",61790,1,3974,"9/14/2020","9/14/2020","9/14/2020","9/14/2020",39.759,-74.109,39.731,74.076,39.732,74.083,0.17,0.63,2.53,2020-09-14,"683426",61790,1,"SHARK HAMMERHEAD SCALLOPED",1,0
"249","61790.1",61790,1,3974,"9/14/2020","9/14/2020","9/14/2020","9/14/2020",39.759,-74.109,39.731,74.076,39.732,74.083,0.17,0.63,2.53,2020-09-14,"683426",61790,1,"SHARK SAND TIGER",1,0
"250","61790.1",61790,1,3974,"9/14/2020","9/14/2020","9/14/2020","9/14/2020",39.759,-74.109,39.731,74.076,39.732,74.083,0.17,0.63,2.53,2020-09-14,"683426",61790,1,"SHARK THRESHER COMMON",2,0
"251","61790.2",61790,2,3974,"9/14/2020","9/14/2020","9/14/2020","9/14/2020",39.729,-74.056,39.726,74.05,39.729,74.056,0.1,0.5,1.08,2020-09-14,"683426",61790,2,"RAY BULLNOSE",1,0
"252","61790.2",61790,2,3974,"9/14/2020","9/14/2020","9/14/2020","9/14/2020",39.729,-74.056,39.726,74.05,39.729,74.056,0.1,0.5,1.08,2020-09-14,"683426",61790,2,"SHARK SANDBAR",6,0
"253","61790.3",61790,3,3974,"9/14/2020","9/14/2020","9/14/2020","9/14/2020",39.729,-74.056,39.727,74.05,39.726,74.055,0.17,1.47,1.88,2020-09-14,"683426",61790,3,"RAY BULLNOSE",3,0
"254","61790.3",61790,3,3974,"9/14/2020","9/14/2020","9/14/2020","9/14/2020",39.729,-74.056,39.727,74.05,39.726,74.055,0.17,1.47,1.88,2020-09-14,"683426",61790,3,"SHARK SANDBAR",10,0
"255","61809.1",61809,1,3974,"9/16/2020","9/16/2020","9/16/2020","9/16/2020",39.733,-74.055,39.733,74.044,39.733,74.056,0.25,1.75,3.75,2020-09-16,"683426",61809,1,"RAY BULLNOSE",2,0
"256","61809.1",61809,1,3974,"9/16/2020","9/16/2020","9/16/2020","9/16/2020",39.733,-74.055,39.733,74.044,39.733,74.056,0.25,1.75,3.75,2020-09-16,"683426",61809,1,"RAY COWNOSE",2,0
"257","61809.1",61809,1,3974,"9/16/2020","9/16/2020","9/16/2020","9/16/2020",39.733,-74.055,39.733,74.044,39.733,74.056,0.25,1.75,3.75,2020-09-16,"683426",61809,1,"SHARK DUSKY",11,0
"258","61809.1",61809,1,3974,"9/16/2020","9/16/2020","9/16/2020","9/16/2020",39.733,-74.055,39.733,74.044,39.733,74.056,0.25,1.75,3.75,2020-09-16,"683426",61809,1,"SHARK SANDBAR",21,0
"259","61809.1",61809,1,3974,"9/16/2020","9/16/2020","9/16/2020","9/16/2020",39.733,-74.055,39.733,74.044,39.733,74.056,0.25,1.75,3.75,2020-09-16,"683426",61809,1,"SHARK SPINNER",9,0
"260","61809.2",61809,2,3974,"9/16/2020","9/16/2020","9/16/2020","9/16/2020",39.733,-74.069,39.731,74.062,39.731,74.064,0.17,0.57,1.18,2020-09-16,"683426",61809,2,"BLUEFISH",1,1
"261","61809.2",61809,2,3974,"9/16/2020","9/16/2020","9/16/2020","9/16/2020",39.733,-74.069,39.731,74.062,39.731,74.064,0.17,0.57,1.18,2020-09-16,"683426",61809,2,"MACKEREL SPANISH",5,1
"262","61809.2",61809,2,3974,"9/16/2020","9/16/2020","9/16/2020","9/16/2020",39.733,-74.069,39.731,74.062,39.731,74.064,0.17,0.57,1.18,2020-09-16,"683426",61809,2,"RAY COWNOSE",1,0
"263","61809.2",61809,2,3974,"9/16/2020","9/16/2020","9/16/2020","9/16/2020",39.733,-74.069,39.731,74.062,39.731,74.064,0.17,0.57,1.18,2020-09-16,"683426",61809,2,"SHARK DOGFISH SMOOTH",6,0
"264","61809.2",61809,2,3974,"9/16/2020","9/16/2020","9/16/2020","9/16/2020",39.733,-74.069,39.731,74.062,39.731,74.064,0.17,0.57,1.18,2020-09-16,"683426",61809,2,"SHARK DUSKY",1,0
"265","61809.2",61809,2,3974,"9/16/2020","9/16/2020","9/16/2020","9/16/2020",39.733,-74.069,39.731,74.062,39.731,74.064,0.17,0.57,1.18,2020-09-16,"683426",61809,2,"SHARK HAMMERHEAD SCALLOPED",1,0
"266","61809.2",61809,2,3974,"9/16/2020","9/16/2020","9/16/2020","9/16/2020",39.733,-74.069,39.731,74.062,39.731,74.064,0.17,0.57,1.18,2020-09-16,"683426",61809,2,"SHARK SPINNER",5,0
